w_skill,w_experience,w_education,w_semantic,recall@5,recall@10,recall@15,ndcg@5,ndcg@10,ndcg@15,spearman,mae_0_to_3,objective_rank
0.4,0.2,0.1,0.3,1.0,1.0,1.0,0.8698687319194839,0.8793433720438693,0.8793433720438693,0.9021441564491928,0.7152424218541343,1
0.3,0.3,0.1,0.3,1.0,1.0,1.0,0.8698687319194839,0.8793433720438693,0.8793433720438693,0.9021441564491928,0.7690788426870684,2
0.2,0.3,0.1,0.4,1.0,1.0,1.0,0.8698687319194839,0.8793433720438693,0.8793433720438693,0.9021441564491928,0.8012276514734827,3
0.4,0.0,0.1,0.5,1.0,1.0,1.0,0.851826437108253,0.8634317377540522,0.8634317377540522,0.9110432356743389,0.6746970321991914,4
0.5,0.0,0.1,0.4,1.0,1.0,1.0,0.851826437108253,0.8634317377540522,0.8634317377540522,0.9110432356743389,0.6828908281950326,5
0.4,0.1,0.1,0.4,1.0,1.0,1.0,0.851826437108253,0.8634317377540522,0.8634317377540522,0.9110432356743389,0.6929577994291867,6
0.3,0.1,0.1,0.5,1.0,1.0,1.0,0.851826437108253,0.8634317377540522,0.8634317377540522,0.9110432356743389,0.7156366034868304,7
0.3,0.2,0.1,0.4,1.0,1.0,1.0,0.851826437108253,0.8634317377540522,0.8634317377540522,0.9110432356743389,0.7423577230869494,8
0.3,0.0,0.1,0.6,1.0,1.0,1.0,0.851826437108253,0.862714192038938,0.862714192038938,0.8965822319334764,0.6890019626912952,9
0.2,0.2,0.1,0.5,1.0,1.0,1.0,0.851826437108253,0.862714192038938,0.862714192038938,0.8965822319334764,0.7745065318733637,10
0.2,0.4,0.1,0.3,1.0,1.0,1.0,0.8698687319194839,0.862008287055506,0.8787363675050072,0.8876831527083301,0.8279487710736018,11
0.6,0.2,0.0,0.2,1.0,1.0,1.0,0.8698687319194839,0.8611426338585058,0.8778707143080068,0.8732221489674676,0.714836529257385,12
0.1,0.4,0.1,0.4,1.0,1.0,1.0,0.8698687319194839,0.8611426338585058,0.8778707143080068,0.8732221489674676,0.860097579860016,13
0.1,0.6,0.1,0.2,1.0,1.0,1.0,0.8698687319194839,0.8611426338585058,0.8778707143080068,0.8732221489674676,0.913539819060254,14
0.0,0.5,0.1,0.4,1.0,1.0,1.0,0.8698687319194839,0.8611426338585058,0.8778707143080068,0.8732221489674676,0.9189675082465493,15
0.0,0.1,0.2,0.7,1.0,1.0,1.0,0.851826437108253,0.860776975702246,0.860776975702246,0.8676602244517513,0.8495699748260407,16
0.8,0.1,0.0,0.1,1.0,1.0,1.0,0.8698687319194839,0.8600710707188142,0.8767991511683153,0.8587611452266052,0.7148870368265676,17
0.1,0.5,0.1,0.3,1.0,1.0,1.0,0.8698687319194839,0.8600710707188142,0.8767991511683153,0.8587611452266052,0.886818699460135,18
0.0,0.4,0.1,0.5,1.0,1.0,1.0,0.8698687319194839,0.8600710707188142,0.8767991511683153,0.8587611452266052,0.8922463886464304,19
0.0,0.6,0.1,0.3,1.0,1.0,1.0,0.8698687319194839,0.8600710707188142,0.8767991511683153,0.8587611452266052,0.9456886278466683,20
0.0,0.0,0.2,0.8,1.0,1.0,1.0,0.851826437108253,0.8594052411877203,0.8594052411877203,0.8531992207108888,0.8229313608473771,21
0.0,0.7,0.1,0.2,1.0,1.0,1.0,0.8698687319194839,0.8593535250036998,0.8760816054532009,0.8443001414857427,0.9724097474467873,22
0.5,0.2,0.0,0.3,0.8,1.0,1.0,0.8195270855535455,0.8583326795028244,0.8745387376170838,0.8654354546454648,0.7066427332615438,23
0.5,0.3,0.0,0.2,0.8,1.0,1.0,0.8195270855535455,0.8583326795028244,0.8745387376170838,0.8654354546454648,0.7229798176840435,24
0.4,0.3,0.0,0.3,0.8,1.0,1.0,0.8195270855535455,0.8583326795028244,0.8745387376170838,0.8654354546454648,0.7321446883263916,25
0.3,0.3,0.0,0.4,0.8,1.0,1.0,0.8195270855535455,0.8583326795028244,0.8745387376170838,0.8654354546454648,0.7532184057977426,26
0.3,0.4,0.0,0.3,0.8,1.0,1.0,0.8195270855535455,0.8583326795028244,0.8745387376170838,0.8654354546454648,0.7755600436124218,27
0.2,0.4,0.0,0.4,0.8,1.0,1.0,0.8195270855535455,0.8583326795028244,0.8740836515945198,0.8509744509046023,0.8028655265330288,28
0.2,0.5,0.0,0.3,0.8,1.0,1.0,0.8195270855535455,0.8583326795028244,0.8740836515945198,0.8509744509046023,0.8295866461331478,29
0.7,0.2,0.0,0.1,0.8,1.0,1.0,0.8195270855535455,0.8574670263058242,0.8741951067553253,0.8654354546454648,0.7230303252532262,30
0.6,0.3,0.0,0.1,0.8,1.0,1.0,0.8195270855535455,0.8574670263058242,0.8741951067553253,0.8654354546454648,0.7311736136798846,31
0.0,0.6,0.0,0.4,0.8,1.0,1.0,0.8195270855535455,0.8574670263058242,0.8732179983975196,0.8365134471637397,0.9206053833060953,32
0.1,0.4,0.0,0.5,0.8,1.0,1.0,0.8195270855535455,0.8574670263058242,0.8728167115997805,0.8220524434228772,0.835014335319443,33
0.1,0.5,0.0,0.4,0.8,1.0,1.0,0.8195270855535455,0.8574670263058242,0.8728167115997805,0.8220524434228772,0.861735454919562,34
0.5,0.4,0.0,0.1,0.8,1.0,1.0,0.8195270855535455,0.8567494805907098,0.8734775610402109,0.8509744509046023,0.740391281539415,35
0.0,0.5,0.0,0.5,0.8,1.0,1.0,0.8195270855535455,0.8563954631661327,0.8717451484600889,0.8075914396820146,0.8938842637059763,36
0.0,0.4,0.0,0.6,0.8,1.0,1.0,0.8195270855535455,0.8563954631661327,0.8713878484462597,0.7931304359411522,0.8671631441058573,37
0.4,0.4,0.0,0.2,0.8,1.0,1.0,0.8195270855535455,0.855589210473773,0.8717952685880325,0.8576487603234618,0.7519264619958426,38
0.3,0.5,0.0,0.2,0.8,1.0,1.0,0.8195270855535455,0.855589210473773,0.8717952685880325,0.8576487603234618,0.7979016814271009,39
0.2,0.6,0.0,0.2,0.8,1.0,1.0,0.8195270855535455,0.855589210473773,0.8713401825654684,0.8431877565825994,0.8563077657332667,40
0.4,0.5,0.0,0.1,0.8,1.0,1.0,0.8195270855535455,0.8547235572767727,0.8709296153910322,0.8431877565825994,0.7730314503740073,41
0.3,0.6,0.0,0.1,0.8,1.0,1.0,0.8195270855535455,0.8547235572767727,0.8709296153910322,0.8431877565825994,0.8241589569468525,42
0.1,0.6,0.0,0.3,0.8,1.0,1.0,0.8195270855535455,0.8547235572767727,0.870073242570729,0.8142657491008742,0.8884565745196811,43
0.1,0.7,0.0,0.2,0.8,1.0,1.0,0.8138242452848412,0.849467376820802,0.8652183489124974,0.8209400585197341,0.9151776941198001,44
0.0,0.7,0.0,0.3,0.8,1.0,1.0,0.8138242452848412,0.849467376820802,0.8652183489124974,0.8209400585197341,0.9473265029062143,45
0.2,0.7,0.0,0.1,0.6,1.0,1.0,0.7634825989189028,0.8457917692681205,0.8615427413598158,0.8131533641977311,0.8830288853333857,46
0.0,0.8,0.0,0.2,0.8,1.0,1.0,0.8138242452848412,0.8455351416866129,0.8612861137783082,0.784231356716006,0.9740476225063335,47
0.5,0.1,0.1,0.3,1.0,1.0,1.0,0.851826437108253,0.8453791070505748,0.862107187500076,0.882121228192614,0.6992279126175324,48
0.2,0.1,0.1,0.6,1.0,1.0,1.0,0.851826437108253,0.8453791070505748,0.862107187500076,0.882121228192614,0.7477854122732446,49
0.2,0.5,0.1,0.2,1.0,1.0,1.0,0.851826437108253,0.8453791070505748,0.862107187500076,0.882121228192614,0.8546698906737208,50
0.4,0.3,0.1,0.2,1.0,1.0,1.0,0.851826437108253,0.8453791070505748,0.8615851651648341,0.8676602244517513,0.7426302587861733,51
0.3,0.4,0.1,0.2,1.0,1.0,1.0,0.851826437108253,0.8453791070505748,0.8615851651648341,0.8676602244517513,0.7957999622871875,52
0.3,0.2,0.2,0.3,1.0,1.0,1.0,0.851826437108253,0.8453791070505748,0.8603714923307019,0.8242772132291637,0.77581223218755,53
0.2,0.3,0.2,0.3,1.0,1.0,1.0,0.851826437108253,0.8453791070505748,0.8603714923307019,0.8242772132291637,0.8263108960140556,54
0.4,0.2,0.2,0.2,1.0,1.0,1.0,0.851826437108253,0.8453791070505748,0.8453791070505748,0.7953552057474387,0.758606999165113,55
0.3,0.3,0.2,0.2,1.0,1.0,1.0,0.851826437108253,0.8453791070505748,0.8453791070505748,0.7953552057474387,0.8036422935101906,56
0.2,0.4,0.2,0.2,1.0,1.0,1.0,0.851826437108253,0.8453791070505748,0.8453791070505748,0.7953552057474387,0.8530320156141747,57
0.1,0.5,0.2,0.2,1.0,1.0,1.0,0.851826437108253,0.8453791070505748,0.8453791070505748,0.7953552057474387,0.911901944000708,58
0.1,0.8,0.0,0.1,0.6,1.0,1.0,0.7634825989189028,0.845074223553006,0.8608251956447014,0.7986923604568684,0.9418988137199192,59
0.7,0.0,0.0,0.3,1.0,1.0,1.0,0.851826437108253,0.8445134538535746,0.8612415343030756,0.8676602244517513,0.6903561564082267,60
0.6,0.1,0.0,0.3,1.0,1.0,1.0,0.851826437108253,0.8445134538535746,0.8612415343030756,0.8676602244517513,0.6984994448348851,61
0.8,0.0,0.0,0.2,1.0,1.0,1.0,0.851826437108253,0.8445134538535746,0.8612415343030756,0.8676602244517513,0.6985499524040678,62
0.7,0.1,0.0,0.2,1.0,1.0,1.0,0.851826437108253,0.8445134538535746,0.8612415343030756,0.8676602244517513,0.7066932408307265,63
0.5,0.2,0.1,0.2,1.0,1.0,1.0,0.851826437108253,0.8445134538535746,0.8612415343030756,0.8676602244517513,0.7155649970400322,64
0.2,0.0,0.1,0.7,1.0,1.0,1.0,0.851826437108253,0.8445134538535746,0.8612415343030756,0.8676602244517513,0.7210642926731257,65
0.1,0.3,0.1,0.5,1.0,1.0,1.0,0.851826437108253,0.8445134538535746,0.8612415343030756,0.8676602244517513,0.833376460259897,66
0.7,0.1,0.1,0.1,1.0,1.0,1.0,0.851826437108253,0.8445134538535746,0.8607195119678338,0.8531992207108888,0.7156155046092147,67
0.6,0.2,0.1,0.1,1.0,1.0,1.0,0.851826437108253,0.8445134538535746,0.8607195119678338,0.8531992207108888,0.7237587930358733,68
0.5,0.3,0.1,0.1,1.0,1.0,1.0,0.851826437108253,0.8445134538535746,0.8607195119678338,0.8531992207108888,0.7351184403096708,69
0.4,0.4,0.1,0.1,1.0,1.0,1.0,0.851826437108253,0.8445134538535746,0.8607195119678338,0.8531992207108888,0.7704603201088137,70
0.3,0.5,0.1,0.1,1.0,1.0,1.0,0.851826437108253,0.8445134538535746,0.8607195119678338,0.8531992207108888,0.8225210818873064,71
0.2,0.6,0.1,0.1,1.0,1.0,1.0,0.851826437108253,0.8445134538535746,0.8607195119678338,0.8531992207108888,0.8813910102738397,72
0.1,0.3,0.2,0.4,1.0,1.0,1.0,0.851826437108253,0.8445134538535746,0.8595058391337016,0.8098162094883012,0.85845970480047,73
0.1,0.4,0.2,0.3,1.0,1.0,1.0,0.851826437108253,0.8445134538535746,0.8595058391337016,0.8098162094883012,0.885180824400589,74
0.0,0.5,0.2,0.3,1.0,1.0,1.0,0.851826437108253,0.8445134538535746,0.8595058391337016,0.8098162094883012,0.9561244307406953,75
0.0,0.6,0.2,0.2,1.0,1.0,1.0,0.851826437108253,0.8445134538535746,0.8445134538535746,0.7808942020065763,0.9827630447193588,76
0.9,0.0,0.0,0.1,1.0,1.0,1.0,0.851826437108253,0.843441890713883,0.860169971163384,0.8531992207108888,0.706743748399909,77
0.1,0.0,0.1,0.8,1.0,1.0,1.0,0.851826437108253,0.843441890713883,0.860169971163384,0.8531992207108888,0.7532131014595399,78
0.1,0.0,0.2,0.7,1.0,1.0,1.0,0.851826437108253,0.843441890713883,0.860169971163384,0.8531992207108888,0.7782963460001129,79
0.1,0.1,0.1,0.7,1.0,1.0,1.0,0.851826437108253,0.843441890713883,0.860169971163384,0.8531992207108888,0.7799342210596589,80
0.1,0.2,0.1,0.6,1.0,1.0,1.0,0.851826437108253,0.843441890713883,0.860169971163384,0.8531992207108888,0.806655340659778,81
0.0,0.1,0.1,0.8,1.0,1.0,1.0,0.851826437108253,0.843441890713883,0.860169971163384,0.8531992207108888,0.8121586171541851,82
0.0,0.2,0.1,0.7,1.0,1.0,1.0,0.851826437108253,0.843441890713883,0.860169971163384,0.8531992207108888,0.8388041494461922,83
0.0,0.3,0.1,0.6,1.0,1.0,1.0,0.851826437108253,0.843441890713883,0.860169971163384,0.8531992207108888,0.8655252690463112,84
0.0,0.2,0.2,0.6,1.0,1.0,1.0,0.851826437108253,0.843441890713883,0.860169971163384,0.8531992207108888,0.8762085888047043,85
0.0,0.0,0.1,0.9,1.0,1.0,1.0,0.851826437108253,0.843441890713883,0.8596479488281423,0.8387382169700262,0.7855200031755214,86
0.0,0.4,0.2,0.4,1.0,1.0,1.0,0.851826437108253,0.843441890713883,0.85843427599401,0.7953552057474387,0.9294858167620317,87
0.0,0.3,0.3,0.4,1.0,1.0,1.0,0.851826437108253,0.843441890713883,0.843441890713883,0.7519721945248512,0.9402585604552236,88
0.5,0.0,0.0,0.5,0.8,1.0,1.0,0.8014847907423146,0.8417034994978932,0.8579095576121526,0.8598735301297485,0.6753751460956195,89
0.6,0.0,0.0,0.4,0.8,1.0,1.0,0.8014847907423146,0.8417034994978932,0.8579095576121526,0.8598735301297485,0.6821623604123854,90
0.5,0.1,0.0,0.4,0.8,1.0,1.0,0.8014847907423146,0.8417034994978932,0.8579095576121526,0.8598735301297485,0.6906032887955978,91
0.4,0.1,0.0,0.5,0.8,1.0,1.0,0.8014847907423146,0.8417034994978932,0.8579095576121526,0.8598735301297485,0.6973530685637339,92
0.4,0.2,0.0,0.4,0.8,1.0,1.0,0.8014847907423146,0.8417034994978932,0.8579095576121526,0.8598735301297485,0.7125812112637122,93
0.3,0.2,0.0,0.5,0.8,1.0,1.0,0.8014847907423146,0.8417034994978932,0.8579095576121526,0.8598735301297485,0.7308767679830633,94
0.4,0.0,0.0,0.6,0.8,1.0,1.0,0.8014847907423146,0.8417034994978932,0.8574544715895885,0.8454125263888859,0.6821249258637556,95
0.3,0.0,0.0,0.7,0.8,1.0,1.0,0.8014847907423146,0.8417034994978932,0.8574544715895885,0.8454125263888859,0.6888747056318917,96
0.3,0.1,0.0,0.6,0.8,1.0,1.0,0.8014847907423146,0.8417034994978932,0.8574544715895885,0.8454125263888859,0.7085351301683842,97
0.2,0.3,0.0,0.5,0.8,1.0,1.0,0.8014847907423146,0.8417034994978932,0.8574544715895885,0.8454125263888859,0.7780886368508362,98
0.2,0.1,0.0,0.7,0.8,1.0,1.0,0.8014847907423146,0.8417034994978932,0.8570531847918496,0.8309515226480234,0.7334053612214778,99
0.2,0.2,0.0,0.6,0.8,1.0,1.0,0.8014847907423146,0.8417034994978932,0.8570531847918496,0.8309515226480234,0.755746999036157,100
0.1,0.7,0.1,0.1,0.8,1.0,1.0,0.8014847907423146,0.840837846300893,0.8570439044151523,0.8454125263888859,0.9402609386603731,101
0.2,0.0,0.0,0.8,0.8,1.0,1.0,0.8014847907423146,0.840837846300893,0.8561875315948493,0.816490518907161,0.7110637234067987,102
0.1,0.0,0.0,0.9,0.8,1.0,1.0,0.8014847907423146,0.8397662831612014,0.8547586684413284,0.7875685114254358,0.7359339544598923,103
0.1,0.1,0.0,0.8,0.8,1.0,1.0,0.8014847907423146,0.8397662831612014,0.8547586684413284,0.7875685114254358,0.7582755922745715,104
0.0,0.0,0.0,1.0,0.8,1.0,1.0,0.8014847907423146,0.8397662831612014,0.8547586684413284,0.7875685114254358,0.7608041855129859,105
0.1,0.2,0.0,0.7,0.8,1.0,1.0,0.8014847907423146,0.8397662831612014,0.8547586684413284,0.7875685114254358,0.781572096119205,106
0.0,0.1,0.0,0.9,0.8,1.0,1.0,0.8014847907423146,0.8397662831612014,0.8547586684413284,0.7875685114254358,0.7869997853055002,107
0.1,0.3,0.0,0.6,0.8,1.0,1.0,0.8014847907423146,0.8397662831612014,0.8547586684413284,0.7875685114254358,0.808293215719324,108
0.0,0.2,0.0,0.8,0.8,1.0,1.0,0.8014847907423146,0.8397662831612014,0.8547586684413284,0.7875685114254358,0.8137209049056193,109
0.0,0.3,0.0,0.7,0.8,1.0,1.0,0.8014847907423146,0.8397662831612014,0.8547586684413284,0.7875685114254358,0.8404420245057382,110
0.0,0.8,0.1,0.1,0.8,1.0,1.0,0.8014847907423146,0.8381830842490867,0.8543891423633461,0.8020295151662985,0.9991308670469065,111
0.2,0.0,0.2,0.6,1.0,1.0,1.0,0.8404207565708445,0.8348667461386331,0.8510728042528926,0.8620982999360349,0.7461475372136986,112
0.4,0.0,0.2,0.4,1.0,1.0,1.0,0.8404207565708445,0.8348667461386331,0.8506177182303284,0.8476372961951724,0.702946876519832,113
0.3,0.0,0.2,0.5,1.0,1.0,1.0,0.8404207565708445,0.8348667461386331,0.8506177182303284,0.8476372961951724,0.720152109542269,114
0.2,0.1,0.2,0.5,1.0,1.0,1.0,0.8404207565708445,0.8348667461386331,0.8506177182303284,0.8476372961951724,0.7728686568138176,115
0.3,0.1,0.2,0.4,1.0,1.0,1.0,0.8404207565708445,0.8348667461386331,0.8502164314325895,0.8331762924543099,0.7479821708649096,116
0.5,0.0,0.2,0.3,1.0,1.0,1.0,0.8404207565708445,0.8348667461386331,0.8498591314187602,0.8187152887134475,0.6994442319052785,117
0.4,0.1,0.2,0.3,1.0,1.0,1.0,0.8404207565708445,0.8348667461386331,0.8498591314187602,0.8187152887134475,0.7307769378424726,118
0.2,0.2,0.2,0.4,1.0,1.0,1.0,0.8404207565708445,0.8348667461386331,0.8498591314187602,0.8187152887134475,0.7995897764139367,119
0.3,0.0,0.3,0.4,1.0,1.0,1.0,0.8404207565708445,0.8348667461386331,0.8348667461386331,0.7753322774908599,0.7639589112438493,120
0.2,0.0,0.3,0.5,1.0,1.0,1.0,0.8404207565708445,0.8348667461386331,0.8348667461386331,0.7753322774908599,0.7811641442662863,121
0.2,0.1,0.3,0.4,1.0,1.0,1.0,0.8404207565708445,0.8348667461386331,0.8348667461386331,0.7753322774908599,0.8089942055889268,122
0.1,0.2,0.3,0.4,1.0,1.0,1.0,0.8404207565708445,0.8348667461386331,0.8348667461386331,0.7753322774908599,0.8675653558069267,123
0.6,0.0,0.1,0.3,1.0,1.0,1.0,0.8404207565708445,0.8340010929416328,0.850729173391134,0.8620982999360349,0.6910846241908738,124
0.7,0.0,0.1,0.2,1.0,1.0,1.0,0.8404207565708445,0.8340010929416328,0.850729173391134,0.8620982999360349,0.699278420186715,125
0.6,0.1,0.1,0.2,1.0,1.0,1.0,0.8404207565708445,0.8340010929416328,0.850729173391134,0.8620982999360349,0.7074217086133736,126
0.6,0.0,0.2,0.2,1.0,1.0,1.0,0.8404207565708445,0.8340010929416328,0.8489934782217599,0.804254284972585,0.7003594501677991,127
0.5,0.1,0.2,0.2,1.0,1.0,1.0,0.8404207565708445,0.8340010929416328,0.8489934782217599,0.804254284972585,0.7209655054051516,128
0.8,0.0,0.1,0.1,1.0,1.0,1.0,0.8404207565708445,0.8329295298019412,0.8496576102514425,0.8476372961951724,0.7074722161825562,129
0.1,0.1,0.2,0.6,1.0,1.0,1.0,0.8404207565708445,0.8329295298019412,0.8496576102514425,0.8476372961951724,0.8050174656002319,130
0.1,0.2,0.2,0.5,1.0,1.0,1.0,0.8404207565708445,0.8329295298019412,0.8486805018936366,0.8187152887134475,0.8317385852003509,131
0.0,0.3,0.2,0.5,1.0,1.0,1.0,0.8404207565708445,0.8329295298019412,0.8486805018936366,0.8187152887134475,0.9028472027833679,132
0.0,0.0,0.3,0.7,1.0,1.0,1.0,0.8404207565708445,0.8329295298019412,0.8479219150820683,0.7897932812317223,0.8603427185192327,133
0.1,0.0,0.3,0.6,1.0,1.0,1.0,0.8404207565708445,0.8329295298019412,0.8329295298019412,0.7608712737499974,0.8142881278495994,134
0.0,0.1,0.3,0.6,1.0,1.0,1.0,0.8404207565708445,0.8329295298019412,0.8329295298019412,0.7608712737499974,0.8869813324978963,135
0.1,0.1,0.3,0.5,1.0,1.0,1.0,0.8404207565708445,0.8329295298019412,0.8329295298019412,0.7464102700091347,0.840926741828263,136
0.0,0.2,0.3,0.5,1.0,1.0,1.0,0.8404207565708445,0.8329295298019412,0.8329295298019412,0.7464102700091347,0.91361994647656,137
0.4,0.6,0.0,0.0,0.8,1.0,1.0,0.7867608030679949,0.8272670758424565,0.8434731339567159,0.8298391377448803,0.7953730881886865,138
0.5,0.5,0.0,0.0,0.8,1.0,1.0,0.7867608030679949,0.8265495301273421,0.8432776105768433,0.8298391377448803,0.7612819969313875,139
0.4,0.3,0.2,0.1,0.8,1.0,1.0,0.7843762699362018,0.8259349581299807,0.8259349581299807,0.759758888846854,0.7864370604877534,140
0.3,0.2,0.3,0.2,0.8,1.0,1.0,0.7843762699362018,0.8259349581299807,0.8259349581299807,0.759758888846854,0.8196190338891303,141
0.2,0.2,0.3,0.3,0.8,1.0,1.0,0.7843762699362018,0.8259349581299807,0.8259349581299807,0.759758888846854,0.8368242669115673,142
0.3,0.3,0.3,0.1,0.8,1.0,1.0,0.7843762699362018,0.8259349581299807,0.8259349581299807,0.759758888846854,0.8474490952117708,143
0.3,0.2,0.4,0.1,0.8,1.0,1.0,0.7843762699362018,0.8259349581299807,0.8259349581299807,0.759758888846854,0.8634258355907105,144
0.2,0.3,0.3,0.2,0.8,1.0,1.0,0.7843762699362018,0.8259349581299807,0.8259349581299807,0.759758888846854,0.8646543282342077,145
0.2,0.2,0.4,0.2,0.8,1.0,1.0,0.7843762699362018,0.8259349581299807,0.8259349581299807,0.759758888846854,0.889796925927214,146
0.1,0.3,0.3,0.3,0.8,1.0,1.0,0.7843762699362018,0.8259349581299807,0.8259349581299807,0.759758888846854,0.8942039697855904,147
0.2,0.3,0.4,0.1,0.8,1.0,1.0,0.7843762699362018,0.8259349581299807,0.8259349581299807,0.759758888846854,0.9175444816283991,148
0.1,0.4,0.3,0.2,0.8,1.0,1.0,0.7843762699362018,0.8259349581299807,0.8259349581299807,0.759758888846854,0.920842583764254,149
0.1,0.2,0.4,0.3,0.8,1.0,1.0,0.7843762699362018,0.8259349581299807,0.8259349581299807,0.759758888846854,0.92090794083287,150
0.1,0.3,0.4,0.2,0.8,1.0,1.0,0.7843762699362018,0.8259349581299807,0.8259349581299807,0.759758888846854,0.9486554965340551,151
0.2,0.2,0.5,0.1,0.8,1.0,1.0,0.7843762699362018,0.8259349581299807,0.8259349581299807,0.759758888846854,0.9500839954775624,152
0.1,0.2,0.5,0.2,0.8,1.0,1.0,0.7843762699362018,0.8259349581299807,0.8259349581299807,0.759758888846854,0.9914102051347249,153
0.2,0.1,0.6,0.1,0.8,1.0,1.0,0.7843762699362018,0.8259349581299807,0.8259349581299807,0.759758888846854,0.9952931357572435,154
0.1,0.3,0.5,0.1,0.8,1.0,1.0,0.7843762699362018,0.8259349581299807,0.8259349581299807,0.759758888846854,1.0199643145527753,155
0.1,0.2,0.6,0.1,0.8,1.0,1.0,0.7843762699362018,0.8259349581299807,0.8259349581299807,0.759758888846854,1.0651734548324565,156
0.1,0.1,0.7,0.1,0.8,1.0,1.0,0.7843762699362018,0.8259349581299807,0.8259349581299807,0.759758888846854,1.1103825951121378,157
0.9,0.1,0.0,0.0,0.8,1.0,1.0,0.7867608030679949,0.8254779669876505,0.8422060474371517,0.8153781340040176,0.7230808328224088,158
0.8,0.2,0.0,0.0,0.8,1.0,1.0,0.7867608030679949,0.8254779669876505,0.8422060474371517,0.8153781340040176,0.7312241212490673,159
0.7,0.3,0.0,0.0,0.8,1.0,1.0,0.7867608030679949,0.8254779669876505,0.8422060474371517,0.8153781340040176,0.7393674096757259,160
0.6,0.4,0.0,0.0,0.8,1.0,1.0,0.7867608030679949,0.8254779669876505,0.8422060474371517,0.8153781340040176,0.7475106981023845,161
0.4,0.5,0.1,0.0,0.8,1.0,1.0,0.7843762699362018,0.8250693049329805,0.8412753630472398,0.8320639075511668,0.7982903814314543,162
0.3,0.6,0.1,0.0,0.8,1.0,1.0,0.7843762699362018,0.8250693049329805,0.8408202770246759,0.8176029038103041,0.8492422014874255,163
0.6,0.1,0.2,0.1,0.8,1.0,1.0,0.7843762699362018,0.8250693049329805,0.8250693049329805,0.7452978851059916,0.7210760163757387,164
0.5,0.2,0.2,0.1,0.8,1.0,1.0,0.7843762699362018,0.8250693049329805,0.8250693049329805,0.7452978851059916,0.7462357025825639,165
0.5,0.1,0.3,0.1,0.8,1.0,1.0,0.7843762699362018,0.8250693049329805,0.8250693049329805,0.7452978851059916,0.7588581537703625,166
0.4,0.2,0.3,0.1,0.8,1.0,1.0,0.7843762699362018,0.8250693049329805,0.8250693049329805,0.7452978851059916,0.8024138008666933,167
0.4,0.1,0.4,0.1,0.8,1.0,1.0,0.7843762699362018,0.8250693049329805,0.8250693049329805,0.7452978851059916,0.818390541245633,168
0.3,0.4,0.2,0.1,0.8,1.0,1.0,0.7843762699362018,0.8250693049329805,0.8250693049329805,0.7452978851059916,0.8314723548328311,169
0.2,0.5,0.2,0.1,0.8,1.0,1.0,0.7843762699362018,0.8250693049329805,0.8250693049329805,0.7452978851059916,0.8797531352142938,170
0.3,0.1,0.5,0.1,0.8,1.0,1.0,0.7843762699362018,0.8250693049329805,0.8250693049329805,0.7452978851059916,0.8870732701532358,171
0.2,0.4,0.3,0.1,0.8,1.0,1.0,0.7843762699362018,0.8250693049329805,0.8250693049329805,0.7452978851059916,0.8924843895568483,172
0.1,0.6,0.2,0.1,0.8,1.0,1.0,0.7843762699362018,0.8250693049329805,0.8250693049329805,0.7452978851059916,0.938623063600827,173
0.1,0.5,0.3,0.1,0.8,1.0,1.0,0.7843762699362018,0.8250693049329805,0.8250693049329805,0.7452978851059916,0.9480156931035624,174
0.0,0.4,0.3,0.3,0.8,1.0,1.0,0.7843762699362018,0.8250693049329805,0.8250693049329805,0.7452978851059916,0.9668971744338872,175
0.1,0.4,0.4,0.1,0.8,1.0,1.0,0.7843762699362018,0.8250693049329805,0.8250693049329805,0.7452978851059916,0.9764030522352402,176
0.0,0.5,0.3,0.2,0.8,1.0,1.0,0.7843762699362018,0.8250693049329805,0.8250693049329805,0.7452978851059916,0.993535788412551,177
0.0,0.4,0.4,0.2,0.8,1.0,1.0,0.7843762699362018,0.8250693049329805,0.8250693049329805,0.7452978851059916,1.0160813839302565,178
0.0,0.3,0.5,0.2,0.8,1.0,1.0,0.7843762699362018,0.8250693049329805,0.8250693049329805,0.7452978851059916,1.0612905242099375,179
0.0,0.3,0.6,0.1,0.8,1.0,1.0,0.7843762699362018,0.8250693049329805,0.8250693049329805,0.7452978851059916,1.1350537739076692,180
0.0,0.2,0.7,0.1,0.8,1.0,1.0,0.7843762699362018,0.8250693049329805,0.8250693049329805,0.7452978851059916,1.1802629141873504,181
0.7,0.2,0.1,0.0,0.8,1.0,1.0,0.7843762699362018,0.8243517592178661,0.8405578173321255,0.8176029038103041,0.7319525890317146,182
0.6,0.3,0.1,0.0,0.8,1.0,1.0,0.7843762699362018,0.8243517592178661,0.8405578173321255,0.8176029038103041,0.7400958774583731,183
0.5,0.4,0.1,0.0,0.8,1.0,1.0,0.7843762699362018,0.8243517592178661,0.8405578173321255,0.8176029038103041,0.7588834485721775,184
0.0,0.6,0.3,0.1,0.8,1.0,1.0,0.7843762699362018,0.8243517592178661,0.8243517592178661,0.730836881365129,1.0201744023912145,185
0.0,0.5,0.4,0.1,0.8,1.0,1.0,0.7843762699362018,0.8243517592178661,0.8243517592178661,0.730836881365129,1.0446354933483069,186
0.0,0.4,0.5,0.1,0.8,1.0,1.0,0.7843762699362018,0.8243517592178661,0.8243517592178661,0.730836881365129,1.0898446336279881,187
0.0,0.3,0.4,0.3,0.8,1.0,1.0,0.7843762699362018,0.8239977417932889,0.8239977417932889,0.730836881365129,0.987527274512206,188
0.0,0.2,0.5,0.3,0.8,1.0,1.0,0.7843762699362018,0.8239977417932889,0.8239977417932889,0.730836881365129,1.0327364147918872,189
0.0,0.2,0.6,0.2,0.8,1.0,1.0,0.7843762699362018,0.8239977417932889,0.8239977417932889,0.730836881365129,1.1064996644896188,190
0.0,0.1,0.8,0.1,0.8,1.0,1.0,0.7843762699362018,0.8239977417932889,0.8239977417932889,0.730836881365129,1.2254720544670317,191
0.8,0.1,0.1,0.0,0.8,1.0,1.0,0.7843762699362018,0.8232801960781745,0.839486254192434,0.8031419000694416,0.723809300605056,192
0.2,0.7,0.1,0.0,0.8,1.0,1.0,0.7843762699362018,0.822325835903929,0.8380768079956245,0.8098162094883012,0.9081121298739587,193
0.1,0.8,0.1,0.0,0.8,1.0,1.0,0.7843762699362018,0.822325835903929,0.8376755211978854,0.7953552057474387,0.9669820582604922,194
0.0,0.0,0.4,0.6,0.8,1.0,1.0,0.6893958174730292,0.8219027071438966,0.8219027071438966,0.7330616511714156,0.9030951781129875,195
0.0,0.7,0.2,0.1,0.8,1.0,1.0,0.7843762699362018,0.8216082901888148,0.8216082901888148,0.7230501870431262,1.0094016586980226,196
0.3,0.7,0.0,0.0,0.6,1.0,1.0,0.7364191567020566,0.8208479992607235,0.837054057374983,0.8142657491008742,0.8508800765469715,197
0.2,0.8,0.0,0.0,0.6,1.0,1.0,0.7364191567020566,0.8208479992607235,0.8365989713524189,0.7998047453600118,0.9097500049335049,198
0.4,0.0,0.3,0.3,0.8,1.0,1.0,0.683692977204325,0.8185837430246177,0.8185837430246177,0.7541969643311377,0.7467536782214123,199
0.4,0.1,0.3,0.2,0.8,1.0,1.0,0.683692977204325,0.8185837430246177,0.8185837430246177,0.7541969643311377,0.7745837395440528,200
0.3,0.1,0.3,0.3,0.8,1.0,1.0,0.683692977204325,0.8185837430246177,0.8185837430246177,0.7541969643311377,0.7917889725664898,201
0.3,0.0,0.4,0.3,0.8,1.0,1.0,0.683692977204325,0.8185837430246177,0.8185837430246177,0.7541969643311377,0.8077657129454295,202
0.2,0.0,0.4,0.4,0.8,1.0,1.0,0.683692977204325,0.8185837430246177,0.8185837430246177,0.7541969643311377,0.8343018145248438,203
0.3,0.1,0.4,0.2,0.8,1.0,1.0,0.683692977204325,0.8185837430246177,0.8185837430246177,0.7541969643311377,0.8355957742680701,204
0.3,0.0,0.5,0.2,0.8,1.0,1.0,0.683692977204325,0.8185837430246177,0.8185837430246177,0.7541969643311377,0.8593257144520506,205
0.2,0.1,0.4,0.3,0.8,1.0,1.0,0.683692977204325,0.8185837430246177,0.8185837430246177,0.7541969643311377,0.8620493702260289,206
0.2,0.0,0.5,0.3,0.8,1.0,1.0,0.683692977204325,0.8185837430246177,0.8185837430246177,0.7541969643311377,0.8929757766414617,207
0.1,0.1,0.4,0.4,0.8,1.0,1.0,0.683692977204325,0.8185837430246177,0.8185837430246177,0.7541969643311377,0.8931603851316849,208
0.2,0.1,0.5,0.2,0.8,1.0,1.0,0.683692977204325,0.8185837430246177,0.8185837430246177,0.7541969643311377,0.921529886059512,209
0.1,0.1,0.5,0.3,0.8,1.0,1.0,0.683692977204325,0.8185837430246177,0.8185837430246177,0.7541969643311377,0.9628560957166744,210
0.2,0.0,0.6,0.2,0.8,1.0,1.0,0.683692977204325,0.8185837430246177,0.8185837430246177,0.7541969643311377,0.9667390263391932,211
0.1,0.0,0.6,0.3,0.8,1.0,1.0,0.683692977204325,0.8185837430246177,0.8185837430246177,0.7541969643311377,1.0080652359963556,212
0.1,0.1,0.6,0.2,0.8,1.0,1.0,0.683692977204325,0.8185837430246177,0.8185837430246177,0.7541969643311377,1.036619345414406,213
0.1,0.0,0.7,0.2,0.8,1.0,1.0,0.683692977204325,0.8185837430246177,0.8185837430246177,0.7541969643311377,1.0818284856940872,214
0.1,0.0,0.8,0.1,0.8,1.0,1.0,0.683692977204325,0.8185837430246177,0.8185837430246177,0.7541969643311377,1.1555917353918188,215
0.7,0.0,0.2,0.1,0.8,1.0,1.0,0.683692977204325,0.8177180898276174,0.8177180898276174,0.7397359605902751,0.7082006839652034,216
0.6,0.0,0.3,0.1,0.8,1.0,1.0,0.683692977204325,0.8177180898276174,0.8177180898276174,0.7397359605902751,0.7315564881492702,217
0.5,0.0,0.3,0.2,0.8,1.0,1.0,0.683692977204325,0.8177180898276174,0.8177180898276174,0.7397359605902751,0.7335879565929503,218
0.5,0.0,0.4,0.1,0.8,1.0,1.0,0.683692977204325,0.8177180898276174,0.8177180898276174,0.7397359605902751,0.7733552469005556,219
0.4,0.0,0.4,0.2,0.8,1.0,1.0,0.683692977204325,0.8177180898276174,0.8177180898276174,0.7397359605902751,0.7905604799229926,220
0.4,0.0,0.5,0.1,0.8,1.0,1.0,0.683692977204325,0.8177180898276174,0.8177180898276174,0.7397359605902751,0.8343672816245729,221
0.1,0.0,0.4,0.5,0.8,1.0,1.0,0.683692977204325,0.8177180898276174,0.8177180898276174,0.7397359605902751,0.8654128294304998,222
0.3,0.0,0.6,0.1,0.8,1.0,1.0,0.683692977204325,0.8177180898276174,0.8177180898276174,0.7397359605902751,0.9254128166820309,223
0.1,0.0,0.5,0.4,0.8,1.0,1.0,0.683692977204325,0.8177180898276174,0.8177180898276174,0.7397359605902751,0.934301986298624,224
0.2,0.0,0.7,0.1,0.8,1.0,1.0,0.683692977204325,0.8177180898276174,0.8177180898276174,0.7397359605902751,1.040502276036925,225
0.1,0.9,0.0,0.0,0.6,1.0,1.0,0.7364191567020566,0.8176333098416488,0.8333842819333441,0.7775570472971464,0.9686199333200382,226
0.0,0.1,0.4,0.5,0.8,1.0,1.0,0.683692977204325,0.8166465266879258,0.8166465266879258,0.7252749568494127,0.9305403458085164,227
0.0,0.2,0.4,0.4,0.8,1.0,1.0,0.683692977204325,0.8166465266879258,0.8166465266879258,0.7252749568494127,0.9589731650941558,228
0.0,0.0,0.5,0.5,0.8,1.0,1.0,0.683692977204325,0.8166465266879258,0.8166465266879258,0.7252749568494127,0.9756281959557865,229
0.0,0.1,0.5,0.4,0.8,1.0,1.0,0.683692977204325,0.8166465266879258,0.8166465266879258,0.7252749568494127,1.0041823053738368,230
0.0,0.0,0.6,0.4,0.8,1.0,1.0,0.683692977204325,0.8166465266879258,0.8166465266879258,0.7252749568494127,1.049391445653518,231
0.0,0.1,0.6,0.3,0.8,1.0,1.0,0.683692977204325,0.8166465266879258,0.8166465266879258,0.7252749568494127,1.0779455550715684,232
0.0,0.0,0.7,0.3,0.8,1.0,1.0,0.683692977204325,0.8166465266879258,0.8166465266879258,0.7252749568494127,1.1231546953512497,233
0.0,0.1,0.7,0.2,0.8,1.0,1.0,0.683692977204325,0.8166465266879258,0.8166465266879258,0.7252749568494127,1.1517088047693,234
0.0,0.0,0.8,0.2,0.8,1.0,1.0,0.683692977204325,0.8166465266879258,0.8166465266879258,0.7252749568494127,1.1969179450489813,235
0.0,0.0,0.9,0.1,0.8,1.0,1.0,0.683692977204325,0.8166465266879258,0.8166465266879258,0.7252749568494127,1.270681194746713,236
0.0,0.9,0.1,0.0,0.8,1.0,1.0,0.7843762699362018,0.8144249066642134,0.8301758787559087,0.7363988058808453,1.0258519866470255,237
0.0,0.9,0.0,0.1,0.6,1.0,1.0,0.7364191567020566,0.8143188045355335,0.8300697766272288,0.7408483454934185,1.0007687421064524,238
0.3,0.5,0.2,0.0,0.6,1.0,1.0,0.6333513308383866,0.8112990132458844,0.8112990132458844,0.7241625719462694,0.8593024161554715,239
0.3,0.4,0.3,0.0,0.6,1.0,1.0,0.6333513308383866,0.8112990132458844,0.8112990132458844,0.7241625719462694,0.8752791565344114,240
0.2,0.6,0.2,0.0,0.6,1.0,1.0,0.6333513308383866,0.8112990132458844,0.8112990132458844,0.7241625719462694,0.9064742548144128,241
0.2,0.5,0.3,0.0,0.6,1.0,1.0,0.6333513308383866,0.8112990132458844,0.8112990132458844,0.7241625719462694,0.9203144508794888,242
0.2,0.4,0.4,0.0,0.6,1.0,1.0,0.6333513308383866,0.8112990132458844,0.8112990132458844,0.7241625719462694,0.9452920373295842,243
0.1,0.7,0.2,0.0,0.6,1.0,1.0,0.6333513308383866,0.8112990132458844,0.8112990132458844,0.7241625719462694,0.9653441832009461,244
0.1,0.6,0.3,0.0,0.6,1.0,1.0,0.6333513308383866,0.8112990132458844,0.8112990132458844,0.7241625719462694,0.9757632488047475,245
0.2,0.3,0.5,0.0,0.6,1.0,1.0,0.6333513308383866,0.8112990132458844,0.8112990132458844,0.7241625719462694,0.9786381048956128,246
0.1,0.5,0.4,0.0,0.6,1.0,1.0,0.6333513308383866,0.8112990132458844,0.8112990132458844,0.7241625719462694,1.0041506079364253,247
0.1,0.4,0.5,0.0,0.6,1.0,1.0,0.6333513308383866,0.8112990132458844,0.8112990132458844,0.7241625719462694,1.0485184239708256,248
0.1,0.3,0.6,0.0,0.6,1.0,1.0,0.6333513308383866,0.8112990132458844,0.8112990132458844,0.7241625719462694,1.0937275642505069,249
0.1,0.2,0.7,0.0,0.6,1.0,1.0,0.6333513308383866,0.8112990132458844,0.8112990132458844,0.7241625719462694,1.138936704530188,250
0.7,0.1,0.2,0.0,0.6,1.0,1.0,0.6333513308383866,0.8105814675307701,0.8105814675307701,0.709701568205407,0.7245377683877032,251
0.6,0.2,0.2,0.0,0.6,1.0,1.0,0.6333513308383866,0.8105814675307701,0.8105814675307701,0.709701568205407,0.7417925825836783,252
0.6,0.1,0.3,0.0,0.6,1.0,1.0,0.6333513308383866,0.8105814675307701,0.8105814675307701,0.709701568205407,0.7522730543572098,253
0.5,0.3,0.2,0.0,0.6,1.0,1.0,0.6333513308383866,0.8105814675307701,0.8105814675307701,0.709701568205407,0.771505899759976,254
0.5,0.2,0.3,0.0,0.6,1.0,1.0,0.6333513308383866,0.8105814675307701,0.8105814675307701,0.709701568205407,0.7852085678442563,255
0.5,0.1,0.4,0.0,0.6,1.0,1.0,0.6333513308383866,0.8105814675307701,0.8105814675307701,0.709701568205407,0.8011853082231961,256
0.4,0.4,0.2,0.0,0.6,1.0,1.0,0.6333513308383866,0.8105814675307701,0.8105814675307701,0.709701568205407,0.814267121810394,257
0.4,0.3,0.3,0.0,0.6,1.0,1.0,0.6333513308383866,0.8105814675307701,0.8105814675307701,0.709701568205407,0.8302438621893338,258
0.4,0.2,0.4,0.0,0.6,1.0,1.0,0.6333513308383866,0.8105814675307701,0.8105814675307701,0.709701568205407,0.8462206025682736,259
0.4,0.1,0.5,0.0,0.6,1.0,1.0,0.6333513308383866,0.8105814675307701,0.8105814675307701,0.709701568205407,0.8621973429472133,260
0.3,0.3,0.4,0.0,0.6,1.0,1.0,0.6333513308383866,0.8105814675307701,0.8105814675307701,0.709701568205407,0.891255896913351,261
0.3,0.2,0.5,0.0,0.6,1.0,1.0,0.6333513308383866,0.8105814675307701,0.8105814675307701,0.709701568205407,0.9148208258544209,262
0.3,0.1,0.6,0.0,0.6,1.0,1.0,0.6333513308383866,0.8105814675307701,0.8105814675307701,0.709701568205407,0.9539669261000812,263
0.2,0.2,0.6,0.0,0.6,1.0,1.0,0.6333513308383866,0.8105814675307701,0.8105814675307701,0.709701568205407,1.023847245175294,264
0.2,0.1,0.7,0.0,0.6,1.0,1.0,0.6333513308383866,0.8105814675307701,0.8105814675307701,0.709701568205407,1.069056385454975,265
0.1,0.1,0.8,0.0,0.6,1.0,1.0,0.6333513308383866,0.8105814675307701,0.8105814675307701,0.709701568205407,1.1841458448098692,266
0.0,0.8,0.2,0.0,0.6,1.0,1.0,0.6333513308383866,0.8047698185206944,0.8047698185206944,0.6652061720796761,1.0360402726766862,267
0.0,0.7,0.3,0.0,0.6,1.0,1.0,0.6333513308383866,0.8047698185206944,0.8047698185206944,0.6652061720796761,1.0468130163698781,268
0.0,0.6,0.4,0.0,0.6,1.0,1.0,0.6333513308383866,0.8047698185206944,0.8047698185206944,0.6652061720796761,1.073189602766357,269
0.0,0.5,0.5,0.0,0.6,1.0,1.0,0.6333513308383866,0.8047698185206944,0.8047698185206944,0.6652061720796761,1.1183987430460383,270
0.0,0.4,0.6,0.0,0.6,1.0,1.0,0.6333513308383866,0.8047698185206944,0.8047698185206944,0.6652061720796761,1.1636078833257195,271
0.0,0.3,0.7,0.0,0.6,1.0,1.0,0.6333513308383866,0.8047698185206944,0.8047698185206944,0.6652061720796761,1.2088170236054008,272
0.0,0.2,0.8,0.0,0.6,1.0,1.0,0.6333513308383866,0.8047698185206944,0.8047698185206944,0.6652061720796761,1.254026163885082,273
0.0,0.1,0.9,0.0,0.6,1.0,1.0,0.6333513308383866,0.8047698185206944,0.8047698185206944,0.6652061720796761,1.2992353041647633,274
0.9,0.0,0.1,0.0,0.8,1.0,1.0,0.6556707338870036,0.8018609453668054,0.8176119174585007,0.7411855845191515,0.7156660121783974,275
0.8,0.0,0.2,0.0,0.6,1.0,1.0,0.6081805076554174,0.7943840492039597,0.7943840492039597,0.6612096323901854,0.7163944799610447,276
0.7,0.0,0.3,0.0,0.6,1.0,1.0,0.6081805076554174,0.7943840492039597,0.7943840492039597,0.6612096323901854,0.7324717064117908,277
0.6,0.0,0.4,0.0,0.6,1.0,1.0,0.6081805076554174,0.7943840492039597,0.7943840492039597,0.6612096323901854,0.7645812373213798,278
0.5,0.0,0.5,0.0,0.6,1.0,1.0,0.6081805076554174,0.7943840492039597,0.7943840492039597,0.6612096323901854,0.8171620486021358,279
0.4,0.0,0.6,0.0,0.6,1.0,1.0,0.6081805076554174,0.7943840492039597,0.7943840492039597,0.6612096323901854,0.8843496143792575,280
0.3,0.0,0.7,0.0,0.6,1.0,1.0,0.6081805076554174,0.7943840492039597,0.7943840492039597,0.6612096323901854,0.9991760663797624,281
0.2,0.0,0.8,0.0,0.6,1.0,1.0,0.6081805076554174,0.7943840492039597,0.7943840492039597,0.6612096323901854,1.1142655257346563,282
0.1,0.0,0.9,0.0,0.6,1.0,1.0,0.6081805076554174,0.7943840492039597,0.7943840492039597,0.6612096323901854,1.2293549850895504,283
1.0,0.0,0.0,0.0,0.6,1.0,1.0,0.5917973664126421,0.7864309985255398,0.8031590789750409,0.7642971698740139,0.7149375443957502,284
0.0,1.0,0.0,0.0,0.6,0.8,1.0,0.6681964713107739,0.690669240365442,0.7566044538056407,0.6396213193073808,1.0274898617065715,285
0.0,0.0,1.0,0.0,0.6,0.8,1.0,0.5741043979319709,0.6104703189203945,0.7321450963307848,0.4670403356568722,1.3444444444444443,286
